{
  "version": 1,
  "author": "NANDEESH S K EC-2022-26",
  "editor": "wokwi",
  "parts": [
    { "type": "wokwi-breadboard-half", "id": "bb1", "top": -175.8, "left": -64.4, "attrs": {} },
    { "type": "wokwi-esp32-devkit-v1", "id": "esp", "top": 62.3, "left": 254.2, "attrs": {} },
    {
      "type": "wokwi-dht22",
      "id": "dht1",
      "top": -94.16,
      "left": -208.13,
      "attrs": { "temperature": "34.7", "humidity": "76.5" }
    },
    {
      "type": "wokwi-photoresistor-sensor",
      "id": "ldr1",
      "top": 99.2,
      "left": -287.2,
      "attrs": {}
    },
    { "type": "wokwi-potentiometer", "id": "pot1", "top": -49.3, "left": 335.8, "attrs": {} },
    {
      "type": "wokwi-resistor",
      "id": "r1",
      "top": 103.71,
      "left": -98.97,
      "attrs": { "value": "10000" }
    }
  ],
  "connections": [
    [ "esp:TX0", "$serialMonitor:RX", "", [] ],
    [ "esp:RX0", "$serialMonitor:TX", "", [] ],
    [ "esp:GND.1", "bb1:tn.25", "black", [ "h138.8", "v76.97" ] ],
    [ "dht1:SDA", "esp:D2", "green", [ "v30", "h157.6", "v-70" ] ],
    [ "ldr1:GND", "r1:1", "black", [ "h0" ] ],
    [ "dht1:GND", "bb1:tn.1", "black", [ "v-3.31", "h75.84", "v-171.25" ] ],
    [ "r1:2", "bb1:tn.3", "green", [ "v-238.17", "h34.89" ] ],
    [ "ldr1:AO", "esp:D32", "green", [ "h59.22", "v-34.01" ] ],
    [ "pot1:SIG", "esp:D33", "green", [ "v23.42", "h-128.15", "v101.85", "h2.02" ] ],
    [ "esp:3V3", "bb1:tp.25", "green", [ "v0.31", "h162.89", "v-395.29" ] ],
    [ "pot1:GND", "bb1:tn.23", "black", [ "v13.34", "h-83.38", "v-175.46", "h-64.54", "v1.01" ] ],
    [ "pot1:VCC", "bb1:tp.23", "red", [ "v23.42", "h43.84", "v-224.87", "h-146.22" ] ],
    [ "ldr1:VCC", "bb1:tp.3", "red", [ "h4.35", "v-38.29", "h54.45", "v-220.84", "h37.31" ] ],
    [ "dht1:VCC", "bb1:tp.1", "red", [ "v28.94", "h-34.69", "v-212.77", "h1.01" ] ]
  ],
  "dependencies": {}
}